COUNTYFIPS,COUNTY,STATE,PRIV_SCHOOLS,ENROLLMENT
1001,AUTAUGA,AL,6,625
1003,BALDWIN,AL,9,1707
1005,BARBOUR,AL,2,346
1007,BIBB,AL,1,120
1009,BLOUNT,AL,2,135
1011,BULLOCK,AL,1,100
1013,BUTLER,AL,1,481
1015,CALHOUN,AL,6,887
1017,CHAMBERS,AL,4,497
1021,CHILTON,AL,1,167
1023,CHOCTAW,AL,2,543
1025,CLARKE,AL,1,196
1027,CLAY,AL,2,237
1031,COFFEE,AL,2,217
1035,CONECUH,AL,1,230
1041,CRENSHAW,AL,1,172
1043,CULLMAN,AL,5,572
1045,DALE,AL,1,60
1047,DALLAS,AL,3,653
1049,DEKALB,AL,2,386
1051,ELMORE,AL,5,1407
1053,ESCAMBIA,AL,3,337
1055,ETOWAH,AL,5,896
1065,HALE,AL,1,192
1067,HENRY,AL,1,215
1069,HOUSTON,AL,5,1123
1071,JACKSON,AL,2,106
1073,JEFFERSON,AL,52,6552
1077,LAUDERDALE,AL,4,859
1079,LAWRENCE,AL,1,49
1081,LEE,AL,7,1485
1083,LIMESTONE,AL,3,665
1085,LOWNDES,AL,1,269
1087,MACON,AL,1,56
1089,MADISON,AL,25,5073
1091,MARENGO,AL,2,191
1095,MARSHALL,AL,1,180
1097,MOBILE,AL,36,8892
1099,MONROE,AL,1,349
1101,MONTGOMERY,AL,20,3352
1103,MORGAN,AL,4,594
1105,PERRY,AL,1,59
1107,PICKENS,AL,1,234
1109,PIKE,AL,2,496
1111,RANDOLPH,AL,1,49
1113,RUSSELL,AL,2,101
1115,ST. CLAIR,AL,4,445
1117,SHELBY,AL,13,1943
1119,GREENE,AL,1,7
1121,TALLADEGA,AL,2,39
1123,TALLAPOOSA,AL,1,79
1125,TUSCALOOSA,AL,8,2395
1127,WALKER,AL,1,10
1131,WILCOX,AL,1,220
2020,ANCHORAGE,AK,14,1384
2060,BRISTOL BAY,AK,1,4
2070,DILLINGHAM,AK,1,15
2090,FAIRBANKS NORTH STAR,AK,9,626
2110,JUNEAU,AK,3,70
2122,KENAI PENINSULA,AK,2,142
2130,KETCHIKAN GATEWAY,AK,3,64
2150,KODIAK ISLAND,AK,2,121
2170,MATANUSKA-SUSITNA,AK,5,282
2188,NORTHWEST ARCTIC,AK,1,1
2220,SITKA,AK,1,19
2240,SOUTHEAST FAIRBANKS,AK,3,88
4001,APACHE,AZ,3,354
4003,COCHISE,AZ,3,484
4005,COCONINO,AZ,5,272
4007,GILA,AZ,3,364
4013,LEON,FL,1,25221
4013,MARICOPA,AZ,151,25221
4015,MOHAVE,AZ,3,278
4017,NAVAJO,AZ,10,755
4019,PIMA,AZ,50,7589
4021,PINAL,AZ,3,349
4023,SANTA CRUZ,AZ,1,303
4025,YAVAPAI,AZ,12,1292
4027,YUMA,AZ,5,1251
5001,ARKANSAS,AR,2,152
5005,BAXTER,AR,1,113
5007,BENTON,AR,10,1319
5009,BOONE,AR,3,29
5011,BRADLEY,AR,1,9
5015,CARROLL,AR,2,66
5023,CLEBURNE,AR,1,13
5027,COLUMBIA,AR,1,182
5029,CONWAY,AR,1,13
5031,CRAIGHEAD,AR,4,306
5035,CRITTENDEN,AR,2,275
5037,CROSS,AR,1,1
5045,FAULKNER,AR,2,858
5047,FRANKLIN,AR,1,4
5051,GARLAND,AR,6,249
5055,GREENE,AR,2,305
5057,HEMPSTEAD,AR,2,245
5059,HOT SPRING,AR,1,27
5069,JEFFERSON,AR,1,162
5073,LAFAYETTE,AR,1,40
5077,LEE,AR,2,233
5083,LOGAN,AR,2,239
5085,LONOKE,AR,1,25
5091,MILLER,AR,1,227
5103,OUACHITA,AR,1,78
5107,PHILLIPS,AR,3,345
5109,PIKE,AR,1,16
5115,POPE,AR,2,194
5119,PULASKI,AR,31,8907
5121,RANDOLPH,AR,1,84
5123,ST. FRANCIS,AR,1,87
5125,SALINE,AR,3,138
5131,SEBASTIAN,AR,9,1073
5139,UNION,AR,2,160
5143,WASHINGTON,AR,9,1765
5145,WHITE,AR,7,896
6001,ALAMEDA,CA,119,19600
6001,SAN MATEO,CA,1,19600
6005,AMADOR,CA,2,44
6007,BUTTE,CA,9,819
6009,CALAVERAS,CA,1,70
6011,COLUSA,CA,1,91
6013,CONTRA COSTA,CA,88,14138
6015,DEL NORTE,CA,2,48
6017,EL DORADO,CA,9,899
6019,FRESNO,CA,23,3619
6021,GLENN,CA,2,133
6023,HUMBOLDT,CA,12,601
6025,IMPERIAL,CA,8,1337
6027,INYO,CA,1,5
6029,KERN,CA,30,4396
6031,KINGS,CA,4,402
6033,LAKE,CA,5,152
6035,LASSEN,CA,2,24
6037,LOS ANGELES,CA,745,130361
6037,ORANGE,CA,2,130361
6039,MADERA,CA,5,362
6041,MARIN,CA,35,6894
6043,MARIPOSA,CA,1,7
6045,MENDOCINO,CA,4,375
6047,MERCED,CA,12,1143
6049,MODOC,CA,2,29
6053,MONTEREY,CA,19,3640
6055,NAPA,CA,18,4261
6057,NEVADA,CA,7,636
6057,PLACER,CA,1,636
6059,ORANGE,CA,247,43771
6061,PLACER,CA,20,1947
6063,PLUMAS,CA,2,28
6065,RIVERSIDE,CA,95,12393
6067,LASSEN,CA,1,13627
6067,SACRAMENTO,CA,80,13627
6069,SAN BENITO,CA,5,289
6071,SAN BERNARDINO,CA,85,11714
6073,SAN DIEGO,CA,185,29244
6075,SAN FRANCISCO,CA,85,23116
6077,SAN JOAQUIN,CA,28,4728
6079,SAN LUIS OBISPO,CA,19,1801
6081,CONTRA COSTA,CA,1,14972
6081,SAN FRANCISCO,CA,1,14972
6081,SAN MATEO,CA,67,14972
6083,SANTA BARBARA,CA,28,3738
6085,ALAMEDA,CA,1,33310
6085,SANTA CLARA,CA,167,33310
6087,SANTA CRUZ,CA,25,4376
6089,SHASTA,CA,9,964
6093,SISKIYOU,CA,3,68
6095,SOLANO,CA,15,3206
6097,SONOMA,CA,31,4290
6099,STANISLAUS,CA,17,2098
6101,SUTTER,CA,3,262
6103,TEHAMA,CA,3,143
6107,TULARE,CA,12,1898
6109,TUOLUMNE,CA,4,388
6111,VENTURA,CA,55,11839
6113,YOLO,CA,11,1500
6115,YUBA,CA,1,40
8001,ADAMS,CO,17,1305
8001,JACKSON,MO,1,1305
8003,ALAMOSA,CO,1,6
8005,ARAPAHOE,CO,29,5343
8013,BOULDER,CO,23,2135
8014,BROOMFIELD,CO,9,1196
8015,CHAFFEE,CO,2,79
8029,DELTA,CO,2,8
8031,BROOMFIELD,CO,1,6803
8031,DENVER,CO,40,6803
8031,DOUGLAS,CO,1,6803
8031,JEFFERSON,CO,1,6803
8035,ARAPAHOE,CO,1,3515
8035,DOUGLAS,CO,18,3515
8037,EAGLE,CO,5,860
8041,EL PASO,CO,25,3267
8043,FREMONT,CO,2,40
8045,GARFIELD,CO,5,581
8049,GRAND,CO,2,57
8059,JEFFERSON,CO,30,3150
8065,LAKE,CO,1,96
8067,LA PLATA,CO,7,371
8069,LARIMER,CO,13,2021
8071,LAS ANIMAS,CO,2,67
8077,MESA,CO,8,730
8081,MOFFAT,CO,1,69
8083,MONTEZUMA,CO,2,68
8085,MONTROSE,CO,2,118
8087,MORGAN,CO,3,72
8093,PARK,CO,1,26
8101,PUEBLO,CO,8,454
8103,RIO BLANCO,CO,1,10
8105,RIO GRANDE,CO,1,21
8107,ROUTT,CO,2,105
8109,SAGUACHE,CO,1,45
8113,SAN MIGUEL,CO,1,99
8117,SUMMIT,CO,1,62
8119,TELLER,CO,1,80
8123,WELD,CO,7,867
9001,FAIRFIELD,CT,70,13436
9003,HARTFORD,CT,63,7446
9005,LITCHFIELD,CT,20,4462
9007,HARTFORD,CT,1,1819
9007,MIDDLESEX,CT,9,1819
9009,NEW HAVEN,CT,65,10449
9011,NEW LONDON,CT,17,1643
9013,TOLLAND,CT,2,61
9015,TOLLAND,CT,1,1599
9015,WINDHAM,CT,10,1599
10001,KENT,DE,19,1209
10003,NEW CASTLE,DE,55,10324
10005,SUSSEX,DE,11,1274
11001,DISTRICT OF COLUMBIA,DC,45,10784
12001,ALACHUA,FL,23,3262
12005,BAY,FL,7,598
12007,BRADFORD,FL,3,272
12009,BREVARD,FL,63,7978
12011,BROWARD,FL,175,36555
12015,CHARLOTTE,FL,8,694
12017,CITRUS,FL,4,499
12019,CLAY,FL,19,2023
12019,DUVAL,FL,1,2023
12021,COLLIER,FL,22,4961
12023,COLUMBIA,FL,11,953
12027,DESOTO,FL,3,141
12029,DIXIE,FL,1,23
12031,DUVAL,FL,111,21377
12031,GADSDEN,FL,1,21377
12033,ESCAMBIA,FL,27,4486
12035,FLAGLER,FL,5,877
12037,FRANKLIN,FL,1,42
12039,GADSDEN,FL,2,444
12043,GLADES,FL,1,37
12045,GULF,FL,2,97
12047,HAMILTON,FL,3,221
12049,HARDEE,FL,2,68
12049,SARASOTA,FL,1,68
12051,HENDRY,FL,2,257
12053,HERNANDO,FL,12,1813
12055,HIGHLANDS,FL,9,962
12057,HILLSBOROUGH,FL,93,15229
12059,HOLMES,FL,1,69
12061,INDIAN RIVER,FL,8,1207
12063,JACKSON,FL,1,148
12065,JEFFERSON,FL,1,301
12067,LAFAYETTE,FL,1,78
12069,LAKE,FL,31,4758
12071,LEE,FL,35,5312
12073,LEON,FL,27,3489
12075,LEVY,FL,3,238
12079,MADISON,FL,1,35
12081,MANATEE,FL,22,3898
12083,MARION,FL,29,3990
12085,MARTIN,FL,8,1232
12086,BROWARD,FL,3,56065
12086,MIAMI-DADE,FL,391,56065
12087,MONROE,FL,5,426
12089,NASSAU,FL,3,416
12091,OKALOOSA,FL,6,1405
12093,OKEECHOBEE,FL,4,364
12095,ORANGE,FL,144,20807
12095,SEMINOLE,FL,1,20807
12097,OSCEOLA,FL,24,4095
12099,PALM BEACH,FL,97,19292
12101,PASCO,FL,31,2973
12103,PASCO,FL,2,13492
12103,PINELLAS,FL,79,13492
12105,OSCEOLA,FL,1,6335
12105,POLK,FL,45,6335
12107,PUTNAM,FL,6,527
12109,DUVAL,FL,1,1866
12109,ST. JOHNS,FL,15,1866
12111,ST. LUCIE,FL,24,4155
12113,ESCAMBIA,FL,1,871
12113,SANTA ROSA,FL,5,871
12115,MANATEE,FL,2,3633
12115,SARASOTA,FL,31,3633
12117,ORANGE,FL,4,8915
12117,SEMINOLE,FL,47,8915
12121,SUWANNEE,FL,5,360
12123,TAYLOR,FL,2,316
12125,UNION,FL,1,37
12127,VOLUSIA,FL,47,5861
12129,WAKULLA,FL,3,221
12131,WALTON,FL,6,267
12133,WASHINGTON,FL,3,327
13001,APPLING,GA,1,119
13009,BALDWIN,GA,2,141
13013,BARROW,GA,2,523
13015,BARTOW,GA,5,247
13021,BIBB,GA,14,3604
13027,BROOKS,GA,1,13
13029,BRYAN,GA,1,56
13031,BULLOCH,GA,3,803
13033,BURKE,GA,2,452
13035,BUTTS,GA,1,40
13039,CAMDEN,GA,3,117
13045,CARROLL,GA,3,361
13047,CATOOSA,GA,3,66
13051,CHATHAM,GA,25,5639
13057,CHEROKEE,GA,14,1910
13057,COBB,GA,1,1910
13057,PICKENS,GA,1,1910
13059,CLARKE,GA,7,751
13063,CLAYTON,GA,8,227
13067,COBB,GA,51,9256
13069,COFFEE,GA,2,341
13071,COLQUITT,GA,3,76
13073,COLUMBIA,GA,5,1240
13075,COOK,GA,1,54
13077,COWETA,GA,5,1854
13081,CRISP,GA,1,254
13085,DAWSON,GA,2,116
13087,DECATUR,GA,1,224
13089,DEKALB,GA,64,9386
13089,FULTON,GA,1,9386
13093,DOOLY,GA,1,258
13095,DOUGHERTY,GA,5,708
13097,DOUGLAS,GA,9,897
13099,EARLY,GA,1,272
13107,EMANUEL,GA,1,181
13109,EVANS,GA,1,508
13111,FANNIN,GA,1,146
13113,FAYETTE,GA,12,1056
13115,FLOYD,GA,4,1251
13117,FORSYTH,GA,16,2319
13119,FRANKLIN,GA,2,54
13121,COBB,GA,1,25411
13121,DEKALB,GA,1,25411
13121,FORSYTH,GA,1,25411
13121,FULTON,GA,91,25411
13123,GILMER,GA,2,40
13127,GLYNN,GA,5,876
13129,GORDON,GA,2,357
13133,GREENE,GA,1,95
13135,DEKALB,GA,2,6891
13135,GWINNETT,GA,46,6891
13135,WALTON,GA,1,6891
13137,HABERSHAM,GA,3,1097
13139,HALL,GA,7,1098
13141,HANCOCK,GA,1,124
13143,HARALSON,GA,1,12
13145,HARRIS,GA,1,54
13147,HART,GA,2,123
13151,ALLEN,OH,1,2769
13151,HENRY,GA,14,2769
13153,HOUSTON,GA,7,488
13157,JACKSON,GA,2,174
13157,MADISON,GA,1,174
13159,JASPER,GA,2,250
13163,JEFFERSON,GA,2,261
13171,LAMAR,GA,3,509
13175,LAURENS,GA,2,450
13179,LIBERTY,GA,2,302
13185,LOWNDES,GA,10,1380
13193,MACON,GA,3,81
13199,MERIWETHER,GA,1,199
13205,MITCHELL,GA,2,304
13207,MONROE,GA,1,17
13209,MONTGOMERY,GA,1,8
13213,MURRAY,GA,3,67
13215,MUSCOGEE,GA,11,2786
13217,NEWTON,GA,2,726
13217,ROCKDALE,GA,1,726
13219,OCONEE,GA,3,1149
13223,PAULDING,GA,1,35
13225,PEACH,GA,1,26
13231,PIKE,GA,3,184
13233,POLK,GA,1,14
13237,PUTNAM,GA,1,368
13241,RABUN,GA,1,578
13245,COLUMBIA,GA,1,1961
13245,RICHMOND,GA,11,1961
13247,ROCKDALE,GA,2,517
13251,SCREVEN,GA,1,44
13255,SPALDING,GA,3,331
13261,SUMTER,GA,1,467
13269,TAYLOR,GA,1,37
13275,THOMAS,GA,1,99
13277,TIFT,GA,2,21
13279,TOOMBS,GA,2,31
13281,TOWNS,GA,1,31
13283,TREUTLEN,GA,1,7
13285,TROUP,GA,6,656
13293,UPSON,GA,2,115
13295,WALKER,GA,1,235
13297,WALTON,GA,7,1489
13299,WARE,GA,1,126
13301,WARREN,GA,1,348
13303,WASHINGTON,GA,1,283
13305,WAYNE,GA,1,21
13311,WHITE,GA,1,34
13313,WHITFIELD,GA,3,474
15001,HAWAII,HI,11,1830
15003,HONOLULU,HI,75,24960
15007,KAUAI,HI,5,381
15009,MAUI,HI,16,3185
16001,ADA,ID,30,4585
16005,BANNOCK,ID,3,529
16011,BINGHAM,ID,1,23
16013,BLAINE,ID,2,137
16015,BOISE,ID,1,7
16017,BONNER,ID,8,433
16017,MARSHALL,IN,1,433
16019,BONNEVILLE,ID,6,601
16021,BOUNDARY,ID,4,173
16027,CANYON,ID,9,1196
16039,ELMORE,ID,4,137
16045,GEM,ID,2,63
16049,IDAHO,ID,2,134
16053,JEROME,ID,1,29
16055,KOOTENAI,ID,18,1566
16057,LATAH,ID,3,481
16059,LEMHI,ID,1,9
16065,MADISON,ID,1,39
16067,MINIDOKA,ID,1,98
16069,NEZ PERCE,ID,5,346
16073,OWYHEE,ID,1,17
16075,PAYETTE,ID,1,53
16079,SHOSHONE,ID,1,17
16081,TETON,ID,2,107
16083,TWIN FALLS,ID,7,587
16085,VALLEY,ID,2,45
17001,ADAMS,IL,8,1416
17003,ALEXANDER,IL,1,12
17005,ADAIR,OK,1,24
17007,BOONE,IL,2,304
17009,BROWN,IL,1,55
17011,BUREAU,IL,1,95
17013,CALHOUN,IL,2,101
17017,CASS,IL,2,127
17019,CHAMPAIGN,IL,17,2328
17021,CHRISTIAN,IL,5,506
17027,CLINTON,IL,3,710
17029,COLES,IL,4,275
17031,COOK,IL,445,79632
17031,DUPAGE,IL,1,79632
17031,KANE,IL,1,79632
17031,LAKE,IL,1,79632
17031,LAKE,IN,1,79632
17033,CRAWFORD,IL,1,98
17037,DEKALB,IL,5,606
17041,DOUGLAS,IL,6,219
17043,COOK,IL,1,13651
17043,DUPAGE,IL,85,13651
17043,WILL,IL,2,13651
17045,EDGAR,IL,1,21
17049,EFFINGHAM,IL,4,960
17051,FAYETTE,IL,2,124
17053,FORD,IL,1,23
17055,FRANKLIN,IL,3,120
17061,GREENE,IL,1,161
17063,GRUNDY,IL,1,165
17067,HANCOCK,IL,1,74
17073,HENRY,IL,1,113
17075,IROQUOIS,IL,2,49
17077,JACKSON,IL,5,357
17079,JASPER,IL,1,152
17081,JEFFERSON,IL,1,30
17083,JERSEY,IL,1,319
17085,JO DAVIESS,IL,2,150
17087,JOHNSON,IL,1,11
17089,COOK,IL,1,6843
17089,DUPAGE,IL,1,6843
17089,KANE,IL,38,6843
17091,KANKAKEE,IL,6,991
17093,KENDALL,IL,6,779
17095,KNOX,IL,1,119
17097,LAKE,IL,56,6489
17099,LASALLE,IL,8,1325
17103,LEE,IL,1,80
17105,LIVINGSTON,IL,6,268
17107,LOGAN,IL,1,75
17109,MCDONOUGH,IL,1,120
17111,MCHENRY,IL,16,2695
17113,MCLEAN,IL,12,1963
17115,MACON,IL,5,867
17117,MACOUPIN,IL,1,79
17119,MADISON,IL,27,4178
17121,CLINTON,IL,1,381
17121,MARION,IL,3,381
17133,MONROE,IL,3,739
17135,MONTGOMERY,IL,2,191
17137,MORGAN,IL,3,509
17139,MOULTRIE,IL,1,29
17141,OGLE,IL,2,236
17143,PEORIA,IL,24,3959
17145,PERRY,IL,2,159
17147,PIATT,IL,2,22
17149,PIKE,IL,1,36
17153,PULASKI,IL,1,7
17157,RANDOLPH,IL,9,593
17159,RICHLAND,IL,3,461
17161,ROCK ISLAND,IL,9,3505
17163,ST. CLAIR,IL,19,2608
17167,SANGAMON,IL,17,3441
17173,SHELBY,IL,3,309
17177,STEPHENSON,IL,5,579
17179,TAZEWELL,IL,9,1139
17183,VERMILION,IL,3,241
17185,WABASH,IL,2,133
17187,WARREN,IL,1,153
17189,WASHINGTON,IL,4,269
17193,WAYNE,IL,1,72
17195,BUREAU,IL,1,908
17195,WHITESIDE,IL,6,908
17197,COOK,IL,1,6731
17197,DUPAGE,IL,1,6731
17197,WILL,IL,50,6731
17199,WILLIAMSON,IL,4,473
17201,WINNEBAGO,IL,23,5157
17203,WOODFORD,IL,3,254
18001,ADAMS,IN,37,2094
18003,ALLEN,IN,52,11706
18005,BARTHOLOMEW,IN,7,1339
18007,BENTON,IN,1,70
18011,BOONE,IN,7,706
18011,HAMILTON,IN,1,706
18015,CARROLL,IN,1,29
18019,CLARK,IN,4,1147
18021,CLAY,IN,2,90
18023,CLINTON,IN,1,65
18027,DAVIESS,IN,17,1165
18029,DEARBORN,IN,3,328
18031,DECATUR,IN,2,320
18033,DEKALB,IN,2,667
18035,DELAWARE,IN,3,262
18037,DUBOIS,IN,2,605
18039,ELKHART,IN,43,3751
18041,FAYETTE,IN,1,133
18043,FLOYD,IN,4,1443
18045,FOUNTAIN,IN,1,41
18047,FRANKLIN,IN,2,395
18049,FULTON,IN,1,19
18051,GIBSON,IN,3,323
18053,GRANT,IN,2,300
18057,HAMILTON,IN,25,4004
18059,HANCOCK,IN,3,275
18061,HARRISON,IN,3,166
18063,HENDRICKS,IN,1,395
18065,HENRY,IN,3,184
18067,HOWARD,IN,6,216
18069,HUNTINGTON,IN,1,121
18071,JACKSON,IN,7,939
18073,JASPER,IN,3,467
18073,WHITE,IN,1,467
18075,JAY,IN,5,201
18077,JEFFERSON,IN,5,606
18079,JENNINGS,IN,2,206
18081,JOHNSON,IN,7,1579
18083,KNOX,IN,3,389
18085,KOSCIUSKO,IN,14,821
18087,LAGRANGE,IN,29,1101
18089,LAKE,IN,28,5554
18091,LAPORTE,IN,8,1152
18093,LAWRENCE,IN,3,246
18095,MADISON,IN,7,1084
18097,HENDRICKS,IN,1,21702
18097,LAS ANIMAS,CO,1,21702
18097,MARION,IN,77,21702
18099,MARSHALL,IN,12,1403
18103,MIAMI,IN,1,10
18105,MONROE,IN,7,964
18109,MORGAN,IN,2,568
18113,NOBLE,IN,6,474
18117,ORANGE,IN,1,19
18121,PARKE,IN,7,221
18123,PERRY,IN,1,11
18127,PORTER,IN,11,1594
18129,POSEY,IN,3,406
18133,PARKE,IN,1,47
18137,RIPLEY,IN,3,475
18139,RUSH,IN,3,148
18141,MARION,IN,1,7348
18141,ST. JOSEPH,IN,35,7348
18143,SCOTT,IN,1,89
18145,SHELBY,IN,2,121
18147,SPENCER,IN,1,104
18149,STARKE,IN,1,92
18151,DAVIESS,IN,2,132
18151,STEUBEN,IN,1,132
18155,SWITZERLAND,IN,1,40
18157,TIPPECANOE,IN,9,1423
18163,VANDERBURGH,IN,15,4388
18167,VIGO,IN,6,570
18169,WABASH,IN,2,146
18173,WARRICK,IN,2,362
18175,WASHINGTON,IN,4,130
18177,RANDOLPH,IN,1,1074
18177,RIPLEY,IN,1,1074
18177,WAYNE,IN,16,1074
18179,WELLS,IN,1,44
18183,WHITLEY,IN,4,117
19005,ALLAMAKEE,IA,1,171
19011,BENTON,IA,1,154
19013,BLACK HAWK,IA,9,2337
19015,BOONE,IA,3,477
19017,BREMER,IA,2,164
19019,BUCHANAN,IA,3,255
19027,CARROLL,IA,1,1061
19031,CEDAR,IA,1,25
19033,CERRO GORDO,IA,2,574
19037,CHICKASAW,IA,1,163
19041,CLAY,IA,2,248
19043,CLAYTON,IA,1,67
19045,CLINTON,IA,2,364
19047,CRAWFORD,IA,1,90
19049,DALLAS,IA,2,124
19053,DECATUR,IA,1,20
19055,DELAWARE,IA,1,153
19057,DES MOINES,IA,3,898
19061,DELAWARE,IA,1,3196
19061,DUBUQUE,IA,12,3196
19065,FAYETTE,IA,2,97
19067,FLOYD,IA,1,208
19069,FRANKLIN,IA,1,30
19075,GRUNDY,IA,1,41
19079,HAMILTON,IA,1,73
19081,HANCOCK,IA,1,20
19087,HENRY,IA,1,72
19089,HOWARD,IA,2,230
19095,IOWA,IA,1,82
19097,JACKSON,IA,2,324
19099,JASPER,IA,1,76
19101,JEFFERSON,IA,1,138
19103,JOHNSON,IA,8,1236
19105,JONES,IA,2,148
19109,KOSSUTH,IA,2,614
19111,LEE,IA,4,601
19113,LINN,IA,14,2949
19119,LYON,IA,3,88
19123,MAHASKA,IA,2,220
19125,MARION,IA,2,731
19127,MARSHALL,IA,2,227
19139,MUSCATINE,IA,1,193
19141,O'BRIEN,IA,4,334
19145,PAGE,IA,2,255
19147,PALO ALTO,IA,1,99
19149,PLYMOUTH,IA,2,427
19151,POCAHONTAS,IA,1,85
19153,POLK,IA,19,5724
19155,POTTAWATTAMIE,IA,3,832
19157,POWESHIEK,IA,1,35
19163,SCOTT,IA,8,2160
19165,SHELBY,IA,1,92
19167,SIOUX,IA,12,2457
19169,STORY,IA,1,54
19175,UNION,IA,2,202
19179,WAPELLO,IA,2,161
19181,WARREN,IA,3,111
19183,WASHINGTON,IA,1,76
19187,WEBSTER,IA,3,724
19191,WINNESHIEK,IA,4,336
19193,WOODBURY,IA,9,1600
20003,ANDERSON,KS,1,68
20005,ATCHISON,KS,4,533
20009,BARTON,KS,3,165
20011,BOURBON,KS,3,193
20015,BUTLER,KS,2,368
20035,COWLEY,KS,3,164
20037,CRAWFORD,KS,2,225
20041,DICKINSON,KS,3,110
20045,DOUGLAS,KS,7,1006
20051,ELLIS,KS,4,737
20055,FINNEY,KS,3,245
20057,FORD,KS,1,144
20059,FRANKLIN,KS,1,69
20061,GEARY,KS,1,122
20079,HARVEY,KS,3,212
20091,JOHNSON,KS,36,10544
20095,KINGMAN,KS,1,138
20103,LEAVENWORTH,KS,3,186
20109,LOGAN,KS,1,55
20111,LYON,KS,2,118
20113,MCPHERSON,KS,2,278
20117,MARSHALL,KS,1,61
20121,MIAMI,KS,2,207
20123,MITCHELL,KS,3,320
20125,MONTGOMERY,KS,4,276
20131,NEMAHA,KS,1,185
20133,NEOSHO,KS,2,138
20135,NESS,KS,1,48
20149,POTTAWATOMIE,KS,1,126
20155,RENO,KS,5,977
20161,RILEY,KS,1,221
20169,SALINE,KS,2,169
20173,SEDGWICK,KS,32,8962
20175,SEWARD,KS,1,34
20177,SHAWNEE,KS,11,2413
20189,STEVENS,KS,1,39
20191,SUMNER,KS,2,155
20193,THOMAS,KS,2,127
20197,WABAUNSEE,KS,1,29
20201,WASHINGTON,KS,2,129
20209,WYANDOTTE,KS,9,1489
21003,ALLEN,KY,4,157
21005,ANDERSON,KY,1,96
21009,BARREN,KY,1,4
21013,CLAY,KY,1,212
21015,BOONE,KY,11,1607
21017,BOURBON,KY,1,47
21019,BOYD,KY,1,105
21021,BOYLE,KY,2,164
21023,BRACKEN,KY,1,28
21025,BREATHITT,KY,3,227
21027,BRECKINRIDGE,KY,2,258
21029,BULLITT,KY,3,419
21031,BUTLER,KY,1,5
21035,CALLOWAY,KY,1,33
21037,CAMPBELL,KY,12,2090
21041,CARROLL,KY,1,142
21043,CARTER,KY,1,69
21045,CASEY,KY,3,165
21047,CHRISTIAN,KY,5,612
21049,CLARK,KY,3,325
21051,CLAY,KY,3,320
21059,DAVIESS,KY,7,1424
21067,FAYETTE,KY,23,5640
21071,FLOYD,KY,2,239
21071,JOHNSON,KY,1,239
21073,FRANKLIN,KY,4,804
21083,GRAVES,KY,2,76
21085,GRAYSON,KY,6,126
21089,GREENUP,KY,1,57
21093,HARDIN,KY,3,786
21095,HARLAN,KY,1,37
21097,HARRISON,KY,1,35
21101,HENDERSON,KY,1,366
21107,HOPKINS,KY,2,180
21111,JEFFERSON,KY,73,22289
21115,JOHNSON,KY,1,6
21117,CAMPBELL,KY,1,4621
21117,KENTON,KY,17,4621
21119,KNOTT,KY,1,120
21125,LAUREL,KY,3,163
21127,LAWRENCE,KY,1,21
21137,BOYLE,KY,1,68
21137,LINCOLN,KY,1,68
21141,LOGAN,KY,3,83
21145,MCCRACKEN,KY,1,128
21151,MADISON,KY,2,46
21155,MARION,KY,1,160
21161,MASON,KY,1,186
21171,MONROE,KY,1,21
21173,MONTGOMERY,KY,1,54
21175,MORGAN,KY,1,35
21177,MUHLENBERG,KY,1,33
21179,NELSON,KY,7,764
21185,OLDHAM,KY,2,473
21187,OWEN,KY,1,23
21195,PIKE,KY,3,57
21199,PULASKI,KY,3,372
21205,ROWAN,KY,3,181
21209,SCOTT,KY,4,282
21211,SHELBY,KY,1,64
21213,SIMPSON,KY,2,55
21217,TAYLOR,KY,2,94
21219,TODD,KY,1,47
21221,TRIGG,KY,2,80
21227,WARREN,KY,6,681
21231,WAYNE,KY,1,87
21237,WOLFE,KY,1,29
21239,WOODFORD,KY,2,190
22001,ACADIA,LA,6,1416
22003,ALLEN,LA,1,14
22005,ASCENSION,LA,3,1003
22007,ASSUMPTION,LA,1,185
22009,AVOYELLES,LA,4,924
22011,BEAUREGARD,LA,1,52
22015,BOSSIER,LA,1,525
22017,CADDO,LA,14,3842
22019,CALCASIEU,LA,11,2797
22021,CALDWELL,LA,1,85
22027,CLAIBORNE,LA,2,310
22029,CONCORDIA,LA,1,35
22031,DE SOTO,LA,1,124
22033,EAST BATON ROUGE,LA,46,14973
22035,EAST CARROLL,LA,1,128
22039,EVANGELINE,LA,2,415
22041,FRANKLIN,LA,2,666
22045,IBERIA,LA,5,1699
22047,IBERVILLE,LA,1,406
22051,JEFFERSON,LA,48,12521
22053,JEFFERSON DAVIS,LA,2,366
22055,LAFAYETTE,LA,17,7865
22057,LAFOURCHE,LA,3,1122
22061,LINCOLN,LA,4,822
22063,LIVINGSTON,LA,3,301
22065,MADISON,LA,1,181
22067,MOREHOUSE,LA,1,251
22069,NATCHITOCHES,LA,2,423
22071,ORLEANS,LA,41,12444
22073,OUACHITA,LA,9,2286
22075,PLAQUEMINES,LA,1,145
22077,POINTE COUPEE,LA,3,847
22079,RAPIDES,LA,9,1972
22085,SABINE,LA,1,15
22087,ST. BERNARD,LA,2,476
22089,ST. CHARLES,LA,2,480
22093,ST. JAMES,LA,1,241
22095,ST. JOHN THE BAPTIST,LA,5,1611
22097,ST. LANDRY,LA,6,1970
22099,LAFAYETTE,LA,1,1094
22099,ST. MARTIN,LA,3,1094
22101,ST. MARY,LA,4,698
22103,ST. TAMMANY,LA,21,6515
22105,TANGIPAHOA,LA,8,2195
22107,TENSAS,LA,1,141
22109,TERREBONNE,LA,10,3361
22111,UNION,LA,1,200
22113,VERMILION,LA,2,347
22115,VERNON,LA,1,43
22117,WASHINGTON,LA,2,451
22119,WEBSTER,LA,1,327
22121,WEST BATON ROUGE,LA,3,739
23001,ANDROSCOGGIN,ME,10,858
23003,AROOSTOOK,ME,3,173
23005,CUMBERLAND,ME,23,2957
23007,FRANKLIN,ME,1,62
23007,OXFORD,ME,1,62
23009,HANCOCK,ME,7,546
23011,KENNEBEC,ME,8,1379
23013,CUMBERLAND,ME,1,251
23013,KNOX,ME,5,251
23015,LINCOLN,ME,8,927
23017,OXFORD,ME,9,633
23019,ANDROSCOGGIN,ME,1,1397
23019,PENOBSCOT,ME,11,1397
23021,PISCATAQUIS,ME,1,421
23023,CUMBERLAND,ME,1,280
23023,SAGADAHOC,ME,3,280
23025,SOMERSET,ME,6,585
23027,WALDO,ME,2,53
23029,WASHINGTON,ME,1,421
23031,YORK,ME,16,2973
24001,ALLEGANY,MD,7,516
24003,ANNE ARUNDEL,MD,44,10253
24005,BALTIMORE,MD,85,19411
24005,HARFORD,MD,1,19411
24005,PRINCE GEORGE'S,MD,1,19411
24009,CALVERT,MD,4,454
24011,CAROLINE,MD,2,82
24013,CARROLL,MD,11,1341
24015,CECIL,MD,9,1354
24017,CHARLES,MD,12,1797
24019,DORCHESTER,MD,2,56
24021,FREDERICK,MD,19,1693
24023,GARRETT,MD,3,75
24025,HARFORD,MD,16,2706
24027,HOWARD,MD,23,3125
24029,KENT,MD,4,214
24031,MONTGOMERY,MD,127,22595
24031,PRINCE GEORGE'S,MD,1,22595
24033,DISTRICT OF COLUMBIA,DC,1,12114
24033,PRINCE GEORGE'S,MD,69,12114
24035,QUEEN ANNE'S,MD,2,246
24037,CHARLES,MD,1,2394
24037,ST. MARY'S,MD,24,2394
24039,SOMERSET,MD,1,518
24041,TALBOT,MD,4,967
24043,WASHINGTON,MD,14,2189
24045,WICOMICO,MD,9,1495
24047,WORCESTER,MD,3,766
24510,BALTIMORE,MD,60,11031
25001,BARNSTABLE,MA,15,1615
25001,NORFOLK,MA,1,1615
25003,BERKSHIRE,MA,17,1823
25005,BARNSTABLE,MA,1,5437
25005,BRISTOL,MA,41,5437
25005,PLYMOUTH,MA,1,5437
25007,DUKES,MA,1,16
25009,ESSEX,MA,60,13822
25011,FRANKLIN,MA,6,1409
25013,HAMPDEN,MA,34,4217
25013,HAMPSHIRE,MA,1,4217
25015,HAMPSHIRE,MA,10,1275
25017,MIDDLESEX,MA,129,20386
25017,NORFOLK,MA,2,20386
25017,SUFFOLK,MA,2,20386
25019,NANTUCKET,MA,3,213
25021,BRISTOL,MA,2,11760
25021,MIDDLESEX,MA,2,11760
25021,NORFOLK,MA,61,11760
25021,SUFFOLK,MA,1,11760
25023,PLYMOUTH,MA,24,3171
25025,SUFFOLK,MA,41,8998
25027,WORCESTER,MA,59,9338
26003,ALGER,MI,1,58
26005,ALLEGAN,MI,9,1543
26007,ALPENA,MI,2,149
26009,ANTRIM,MI,1,41
26013,BARAGA,MI,2,67
26015,BARRY,MI,3,192
26017,BAY,MI,10,900
26021,BERRIEN,MI,15,2398
26023,BRANCH,MI,4,294
26025,CALHOUN,MI,5,598
26027,CASS,MI,1,16
26029,CHARLEVOIX,MI,1,65
26031,CHEBOYGAN,MI,3,228
26033,CHIPPEWA,MI,3,237
26035,CLARE,MI,3,79
26037,CLINTON,MI,4,571
26041,DELTA,MI,2,276
26043,DICKINSON,MI,3,172
26045,EATON,MI,8,824
26047,EMMET,MI,2,305
26049,GENESEE,MI,18,2993
26051,GLADWIN,MI,4,139
26053,GOGEBIC,MI,2,25
26055,GRAND TRAVERSE,MI,10,1700
26057,GRATIOT,MI,3,153
26059,HILLSDALE,MI,7,385
26063,HURON,MI,7,509
26063,TUSCOLA,MI,1,509
26065,EATON,MI,1,2452
26065,INGHAM,MI,17,2452
26067,IONIA,MI,4,543
26069,IOSCO,MI,3,98
26073,ISABELLA,MI,5,847
26075,JACKSON,MI,7,1387
26077,KALAMAZOO,MI,14,1704
26081,KENT,MI,39,10519
26087,LAPEER,MI,3,223
26089,LEELANAU,MI,3,335
26091,LENAWEE,MI,5,595
26093,LIVINGSTON,MI,7,1257
26093,WASHTENAW,MI,1,1257
26099,MACOMB,MI,32,7031
26101,MANISTEE,MI,2,47
26103,MARQUETTE,MI,3,114
26105,MASON,MI,2,164
26107,MECOSTA,MI,1,18
26109,MENOMINEE,MI,2,123
26111,MIDLAND,MI,6,323
26113,MISSAUKEE,MI,1,293
26115,MONROE,MI,11,1882
26117,MONTCALM,MI,8,569
26121,MUSKEGON,MI,4,763
26123,NEWAYGO,MI,3,304
26125,OAKLAND,MI,95,21811
26127,OCEANA,MI,2,136
26129,OGEMAW,MI,1,67
26133,OSCEOLA,MI,2,122
26137,OTSEGO,MI,3,324
26139,OTTAWA,MI,21,4856
26141,PRESQUE ISLE,MI,3,102
26143,ROSCOMMON,MI,1,53
26145,SAGINAW,MI,18,2267
26147,ST. CLAIR,MI,9,738
26149,BRANCH,MI,1,397
26149,ST. JOSEPH,MI,5,397
26151,SANILAC,MI,2,79
26153,SCHOOLCRAFT,MI,2,123
26155,SHIAWASSEE,MI,4,259
26157,TUSCOLA,MI,3,252
26159,VAN BUREN,MI,6,209
26161,WASHTENAW,MI,24,3326
26163,WAYNE,MI,77,13283
26165,WEXFORD,MI,3,235
27001,AITKIN,MN,1,130
27003,ANOKA,MN,21,3210
27005,BECKER,MN,2,37
27007,BELTRAMI,MN,4,464
27009,BENTON,MN,5,576
27013,BLUE EARTH,MN,4,676
27015,BROWN,MN,6,1430
27017,CARLTON,MN,1,67
27019,CARVER,MN,13,2120
27025,CHISAGO,MN,2,100
27027,CLAY,MN,2,613
27033,COTTONWOOD,MN,1,110
27035,CROW WING,MN,4,401
27037,DAKOTA,MN,26,3764
27039,DODGE,MN,2,22
27041,DOUGLAS,MN,3,364
27043,FARIBAULT,MN,2,80
27045,FILLMORE,MN,3,75
27047,FREEBORN,MN,2,91
27049,GOODHUE,MN,3,143
27051,GRANT,MN,1,24
27053,ANOKA,MN,1,15435
27053,HENNEPIN,MN,78,15435
27055,HOUSTON,MN,3,231
27059,ISANTI,MN,3,233
27061,ITASCA,MN,3,168
27063,JACKSON,MN,2,86
27067,KANDIYOHI,MN,2,546
27069,KITTSON,MN,1,46
27071,KOOCHICHING,MN,1,25
27079,LE SUEUR,MN,2,158
27083,LYON,MN,4,428
27085,MCLEOD,MN,6,474
27087,MAHNOMEN,MN,1,41
27091,MARTIN,MN,5,308
27093,MEEKER,MN,2,90
27095,MILLE LACS,MN,2,136
27097,MORRISON,MN,2,279
27097,TODD,MN,1,279
27099,MOWER,MN,2,357
27101,MURRAY,MN,1,34
27103,NICOLLET,MN,6,377
27105,MURRAY,MN,1,163
27105,NOBLES,MN,2,163
27109,OLMSTED,MN,13,1952
27111,OTTER TAIL,MN,6,579
27113,PENNINGTON,MN,2,97
27115,PINE,MN,1,45
27117,PIPESTONE,MN,3,331
27119,POLK,MN,5,564
27121,POPE,MN,1,11
27123,ANOKA,MN,1,9994
27123,RAMSEY,MN,44,9994
27127,REDWOOD,MN,2,223
27129,RENVILLE,MN,2,212
27131,RICE,MN,7,1337
27133,ROCK,MN,2,43
27137,ST. LOUIS,MN,9,1236
27139,SCOTT,MN,9,1405
27141,MILLE LACS,MN,1,178
27141,SHERBURNE,MN,3,178
27143,SIBLEY,MN,4,201
27145,STEARNS,MN,21,2486
27147,STEELE,MN,3,406
27149,STEVENS,MN,1,89
27153,TODD,MN,4,254
27157,WABASHA,MN,3,178
27161,WASECA,MN,2,187
27163,WASHINGTON,MN,16,2278
27165,WATONWAN,MN,2,96
27167,WILKIN,MN,1,119
27169,WINONA,MN,8,1084
27171,WRIGHT,MN,8,937
27173,YELLOW MEDICINE,MN,1,64
28001,ADAMS,MS,3,731
28003,ALCORN,MS,1,22
28005,AMITE,MS,1,687
28005,WILKINSON,MS,1,687
28007,ATTALA,MS,1,89
28011,BOLIVAR,MS,2,629
28013,CALHOUN,MS,1,105
28015,CARROLL,MS,1,309
28019,CHOCTAW,MS,1,265
28025,CLAY,MS,1,269
28027,COAHOMA,MS,3,422
28029,COPIAH,MS,1,688
28031,COVINGTON,MS,1,9
28033,DESOTO,MS,8,2354
28035,FORREST,MS,4,1652
28043,GRENADA,MS,1,396
28045,HANCOCK,MS,1,247
28047,HARRISON,MS,11,1965
28049,HINDS,MS,22,3562
28049,MADISON,MS,1,3562
28051,HOLMES,MS,1,234
28053,HUMPHREYS,MS,1,167
28059,JACKSON,MS,5,813
28061,JASPER,MS,2,396
28065,JEFFERSON DAVIS,MS,1,191
28067,JONES,MS,1,126
28071,LAFAYETTE,MS,3,250
28073,LAMAR,MS,6,530
28075,LAUDERDALE,MS,3,769
28079,LEAKE,MS,1,583
28081,LEE,MS,8,817
28083,LEFLORE,MS,4,1071
28085,LINCOLN,MS,2,442
28087,LOWNDES,MS,3,887
28089,MADISON,MS,5,3046
28091,MARION,MS,2,510
28093,MARSHALL,MS,3,451
28095,MONROE,MS,1,63
28097,MONTGOMERY,MS,1,312
28099,NESHOBA,MS,1,5
28101,NEWTON,MS,1,235
28105,OKTIBBEHA,MS,2,822
28107,PANOLA,MS,1,395
28109,PEARL RIVER,MS,4,209
28113,PIKE,MS,3,864
28119,QUITMAN,MS,1,167
28121,RANKIN,MS,6,1148
28127,SIMPSON,MS,4,837
28131,STONE,MS,1,90
28133,SUNFLOWER,MS,2,236
28135,TALLAHATCHIE,MS,1,90
28137,TATE,MS,1,615
28143,TUNICA,MS,1,211
28145,UNION,MS,1,40
28149,WARREN,MS,3,489
28151,WASHINGTON,MS,6,683
28155,WEBSTER,MS,1,3
28159,WINSTON,MS,2,519
28163,YAZOO,MS,2,273
29001,ADAIR,MO,3,162
29003,ANDREW,MO,1,22
29007,AUDRAIN,MO,4,407
29009,BARRY,MO,2,170
29015,BENTON,MO,2,110
29019,BOONE,MO,17,9708
29021,BUCHANAN,MO,6,1102
29023,BUTLER,MO,2,317
29027,CALLAWAY,MO,2,166
29029,CAMDEN,MO,1,60
29031,CAPE GIRARDEAU,MO,8,1823
29037,CASS,MO,4,278
29039,CEDAR,MO,2,117
29041,CHARITON,MO,1,105
29043,CHRISTIAN,MO,1,24
29045,CLARK,MO,1,11
29047,CLAY,MO,10,1156
29051,COLE,MO,14,3001
29053,COOPER,MO,3,239
29055,CHESTER,PA,1,50
29055,CRAWFORD,MO,1,50
29057,DADE,MO,1,68
29059,DALLAS,MO,1,24
29061,DAVIESS,MO,8,228
29067,DOUGLAS,MO,1,94
29067,WEBSTER,MO,1,94
29069,DUNKLIN,MO,2,65
29071,FRANKLIN,MO,10,1987
29073,GASCONADE,MO,2,162
29077,GREENE,MO,16,1804
29079,GRUNDY,MO,1,43
29081,HARRISON,MO,1,29
29083,BENTON,MO,1,315
29083,HENRY,MO,3,315
29089,HOWARD,MO,1,105
29091,HOWELL,MO,1,45
29095,CASS,MO,1,8482
29095,JACKSON,MO,41,8482
29095,JOHNSON,KS,1,8482
29097,JASPER,MO,6,710
29099,JEFFERSON,MO,6,799
29101,JOHNSON,MO,1,79
29107,LAFAYETTE,MO,5,511
29109,LAWRENCE,MO,4,225
29111,LEWIS,MO,1,1
29113,LINCOLN,MO,4,349
29115,LINN,MO,2,54
29117,LIVINGSTON,MO,1,93
29121,MACON,MO,2,145
29125,MARIES,MO,1,174
29125,OSAGE,MO,1,174
29127,MARION,MO,2,248
29129,MERCER,MO,2,28
29131,MILLER,MO,1,61
29133,MISSISSIPPI,MO,1,50
29135,MONITEAU,MO,3,163
29137,MONROE,MO,2,158
29139,MONTGOMERY,MO,1,53
29141,MORGAN,MO,2,63
29143,NEW MADRID,MO,1,74
29145,NEWTON,MO,1,80
29147,NODAWAY,MO,2,207
29151,OSAGE,MO,5,479
29157,PERRY,MO,3,784
29159,CAMDEN,MO,1,583
29159,PETTIS,MO,4,583
29161,PHELPS,MO,1,10
29163,PIKE,MO,2,92
29165,CLAY,MO,2,1147
29165,PLATTE,MO,7,1147
29167,POLK,MO,2,108
29169,PULASKI,MO,2,185
29173,RALLS,MO,1,55
29175,RANDOLPH,MO,2,140
29181,RIPLEY,MO,1,34
29183,ST. CHARLES,MO,25,7246
29186,STE. GENEVIEVE,MO,3,492
29187,ST. FRANCOIS,MO,3,399
29189,JEFFERSON,MO,1,26680
29189,ST. LOUIS,MO,122,26680
29195,SALINE,MO,2,253
29201,SCOTT,MO,7,436
29205,SHELBY,MO,2,120
29209,STONE,MO,1,17
29213,TANEY,MO,3,392
29215,TEXAS,MO,3,49
29217,VERNON,MO,2,21
29219,WARREN,MO,4,360
29221,WASHINGTON,MO,1,46
29223,WAYNE,MO,2,51
29225,WEBSTER,MO,22,866
29229,WRIGHT,MO,4,144
29510,ST. LOUIS,MO,30,5813
30003,BIG HORN,MT,2,136
30005,BLAINE,MT,2,100
30013,CASCADE,MT,7,651
30017,CUSTER,MT,2,164
30019,DANIELS,MT,1,211
30021,DAWSON,MT,1,9
30027,FERGUS,MT,2,74
30029,FLATHEAD,MT,13,1003
30031,GALLATIN,MT,12,908
30035,GLACIER,MT,2,105
30041,HILL,MT,1,90
30047,LAKE,MT,6,161
30049,LEWIS AND CLARK,MT,6,496
30053,LINCOLN,MT,5,184
30063,MISSOULA,MT,12,1008
30067,PARK,MT,2,79
30081,RAVALLI,MT,3,211
30083,RICHLAND,MT,1,24
30089,SANDERS,MT,1,17
30093,SILVER BOW,MT,3,171
30099,TETON,MT,1,55
30105,VALLEY,MT,1,25
30111,YELLOWSTONE,MT,11,1005
31001,ADAMS,NE,4,574
31003,ANTELOPE,NE,2,120
31011,BOONE,NE,1,115
31013,BOX BUTTE,NE,2,216
31019,BUFFALO,NE,3,527
31023,BUTLER,NE,2,470
31025,CASS,NE,1,50
31027,CEDAR,NE,2,232
31031,CHERRY,NE,1,28
31037,COLFAX,NE,1,49
31039,CUMING,NE,3,781
31043,DAKOTA,NE,1,151
31045,DAWES,NE,2,18
31047,DAWSON,NE,1,19
31053,DODGE,NE,4,552
31055,DOUGLAS,NE,49,13200
31059,FILLMORE,NE,1,15
31067,GAGE,NE,2,139
31079,HALL,NE,5,533
31081,HAMILTON,NE,2,43
31089,HOLT,NE,2,231
31095,JEFFERSON,NE,1,57
31097,JOHNSON,NE,1,14
31101,KEITH,NE,2,77
31107,KNOX,NE,2,113
31109,LANCASTER,NE,27,6216
31111,LINCOLN,NE,2,195
31119,MADISON,NE,10,1589
31133,PAWNEE,NE,1,16
31137,PHELPS,NE,1,31
31139,PIERCE,NE,3,148
31141,PLATTE,NE,8,849
31143,POLK,NE,1,19
31147,RICHARDSON,NE,1,201
31151,SALINE,NE,2,80
31153,SARPY,NE,5,1441
31155,SAUNDERS,NE,2,544
31157,SCOTTS BLUFF,NE,3,182
31159,SEWARD,NE,4,365
31169,THAYER,NE,1,49
31173,THURSTON,NE,1,94
31175,VALLEY,NE,1,45
31177,WASHINGTON,NE,2,162
31179,WAYNE,NE,2,52
31185,YORK,NE,4,393
32001,CHURCHILL,NV,2,73
32003,CLARK,NV,69,12825
32005,DOUGLAS,NV,5,316
32019,LYON,NV,3,78
32023,NYE,NV,2,134
32031,WASHOE,NV,27,3181
32510,CARSON CITY,NV,2,336
33001,BELKNAP,NH,6,850
33003,CARROLL,NH,3,436
33005,CHESHIRE,NH,14,982
33007,COOS,NH,2,27
33009,GRAFTON,NH,13,906
33009,SULLIVAN,NH,1,906
33011,HILLSBOROUGH,NH,67,4859
33013,MERRIMACK,NH,16,1901
33015,ROCKINGHAM,NH,31,2211
33015,STRAFFORD,NH,1,2211
33017,STRAFFORD,NH,12,1519
33019,SULLIVAN,NH,6,804
34001,ATLANTIC,NJ,21,3246
34003,BERGEN,NJ,99,17710
34005,BURLINGTON,NJ,31,4221
34005,CAMDEN,NJ,1,4221
34007,BURLINGTON,NJ,1,6093
34007,CAMDEN,NJ,45,6093
34009,CAPE MAY,NJ,7,714
34011,CUMBERLAND,NJ,6,544
34013,ESSEX,NJ,65,10912
34015,GLOUCESTER,NJ,19,2766
34017,HUDSON,NJ,33,5942
34019,HUNTERDON,NJ,6,594
34021,MERCER,NJ,31,7333
34021,MIDDLESEX,NJ,1,7333
34021,SOMERSET,NJ,1,7333
34023,MERCER,NJ,1,8402
34023,MIDDLESEX,NJ,63,8402
34023,SOMERSET,NJ,1,8402
34023,UNION,NJ,2,8402
34025,ATLANTIC,NJ,1,10622
34025,MONMOUTH,NJ,61,10622
34025,OCEAN,NJ,2,10622
34027,MORRIS,NJ,50,6701
34029,OCEAN,NJ,64,23478
34031,PASSAIC,NJ,43,6670
34033,SALEM,NJ,2,186
34035,SOMERSET,NJ,48,5613
34035,UNION,NJ,1,5613
34037,SUSSEX,NJ,11,789
34039,UNION,NJ,53,7065
34041,WARREN,NJ,5,710
35001,BERNALILLO,MN,1,7306
35001,BERNALILLO,NM,48,7306
35005,CHAVES,NM,5,432
35006,CIBOLA,NM,2,94
35009,CURRY,NM,1,244
35013,DONA ANA,NM,6,652
35015,EDDY,NM,1,38
35017,GRANT,NM,3,106
35025,LEA,NM,4,212
35028,LOS ALAMOS,NM,2,17
35031,MCKINLEY,NM,5,298
35035,OTERO,NM,3,246
35039,RIO ARRIBA,NM,2,75
35043,SANDOVAL,NM,6,631
35045,PHILADELPHIA,NM,1,515
35045,SAN JUAN,NM,6,515
35047,SAN MIGUEL,NM,2,263
35049,SANTA FE,NM,16,1134
35051,SIERRA,NM,1,23
35061,VALENCIA,NM,3,316
36001,ALBANY,NY,27,4332
36001,RENSSELAER,NY,1,4332
36003,ALLEGANY,NY,5,296
36005,BRONX,NY,61,20675
36007,BROOME,NY,10,1260
36009,CATTARAUGUS,NY,17,656
36011,CAYUGA,NY,8,395
36013,CHAUTAUQUA,NY,13,527
36015,CHEMUNG,NY,5,406
36017,CHENANGO,NY,2,129
36019,CLINTON,NY,3,323
36021,COLUMBIA,NY,4,414
36023,CORTLAND,NY,4,292
36025,DELAWARE,NY,1,104
36025,OTSEGO,NY,1,104
36027,DUTCHESS,NY,26,2777
36029,ERIE,NY,61,13373
36031,ESSEX,NY,7,477
36033,FRANKLIN,NY,4,209
36037,GENESEE,NY,2,199
36039,GREENE,NY,1,54
36043,HERKIMER,NY,3,146
36045,JEFFERSON,NY,3,668
36047,KINGS,NY,224,84352
36047,RICHMOND,NY,1,84352
36047,WESTCHESTER,NY,1,84352
36049,LEWIS,NY,4,159
36051,LIVINGSTON,NY,2,263
36053,MADISON,NY,2,160
36055,MONROE,NY,43,7512
36057,MONTGOMERY,NY,6,373
36059,NASSAU,NY,90,21625
36059,SUFFOLK,NY,1,21625
36061,NEW YORK,NY,137,39235
36063,NIAGARA,NY,9,872
36065,ONEIDA,NY,5,327
36067,ONONDAGA,NY,25,3044
36069,ONTARIO,NY,5,297
36071,ORANGE,NY,22,13681
36073,ORLEANS,NY,1,21
36075,OSWEGO,NY,2,204
36077,OTSEGO,NY,4,101
36079,PUTNAM,NY,5,485
36081,KINGS,NY,2,34868
36081,NASSAU,NY,1,34868
36081,QUEENS,NY,125,34868
36083,RENSSELAER,NY,10,1728
36085,NEW YORK,NY,1,7069
36085,RICHMOND,NY,34,7069
36087,ROCKLAND,NY,50,10594
36087,WESTCHESTER,NY,1,10594
36089,ST. LAWRENCE,NY,16,676
36091,SARATOGA,NY,11,1032
36093,SCHENECTADY,NY,7,680
36095,SCHOHARIE,NY,2,19
36097,SCHUYLER,NY,1,29
36097,YATES,NY,1,29
36099,SENECA,NY,2,92
36101,STEUBEN,NY,5,405
36103,NASSAU,NY,1,11589
36103,SUFFOLK,NY,58,11589
36105,SULLIVAN,NY,7,857
36107,TIOGA,NY,2,68
36109,TOMPKINS,NY,5,362
36111,ULSTER,NY,13,1246
36113,SARATOGA,NY,1,190
36113,WARREN,NY,1,190
36115,WASHINGTON,NY,2,35
36117,WAYNE,NY,2,98
36119,MERCER,PA,1,17600
36119,WESTCHESTER,NY,81,17600
36121,WYOMING,NY,3,169
36123,YATES,NY,11,308
37001,ALAMANCE,NC,7,1528
37005,ALLEGHANY,NC,1,28
37011,AVERY,NC,2,111
37013,BEAUFORT,NC,3,403
37015,BERTIE,NC,2,345
37017,BLADEN,NC,2,103
37019,BRUNSWICK,NC,7,461
37021,BUNCOMBE,NC,29,3463
37021,MADISON,NC,1,3463
37023,BURKE,NC,4,190
37025,CABARRUS,NC,9,2298
37027,CALDWELL,NC,1,143
37031,CARTERET,NC,5,348
37035,CATAWBA,NC,10,1428
37037,CHATHAM,NC,4,139
37039,CHEROKEE,NC,1,9
37041,CHOWAN,NC,1,8
37043,CLAY,NC,1,23
37045,CLEVELAND,NC,2,137
37047,COLUMBUS,NC,3,34
37049,CRAVEN,NC,6,1054
37051,CUMBERLAND,NC,21,4080
37053,CURRITUCK,NC,1,20
37055,DARE,NC,2,88
37057,DAVIDSON,NC,6,1193
37057,GUILFORD,NC,1,1193
37059,DAVIE,NC,1,60
37061,DUPLIN,NC,4,109
37063,DURHAM,NC,24,4398
37067,DAVIDSON,NC,1,3026
37067,FORSYTH,NC,16,3026
37069,FRANKLIN,NC,1,113
37069,WAKE,NC,1,113
37071,GASTON,NC,7,1387
37079,GREENE,NC,1,92
37081,GUILFORD,NC,25,5595
37083,HALIFAX,NC,3,447
37085,HARNETT,NC,4,376
37087,HAYWOOD,NC,2,29
37089,HENDERSON,NC,11,896
37091,HERTFORD,NC,2,385
37093,HOKE,NC,3,159
37095,HYDE,NC,1,30
37097,IREDELL,NC,9,1066
37099,JACKSON,NC,3,189
37101,JOHNSTON,NC,3,338
37105,LEE,NC,3,629
37107,LENOIR,NC,2,1037
37109,LINCOLN,NC,2,99
37111,MCDOWELL,NC,2,280
37113,MACON,NC,1,63
37115,MADISON,NC,1,26
37119,CABARRUS,NC,1,15740
37119,MECKLENBURG,NC,59,15740
37119,YORK,SC,1,15740
37121,MITCHELL,NC,3,70
37123,MONTGOMERY,NC,1,45
37125,MOORE,NC,7,1053
37127,NASH,NC,5,827
37129,NEW HANOVER,NC,17,2593
37131,NORTHAMPTON,NC,1,144
37133,ONSLOW,NC,9,1100
37135,DURHAM,NC,1,644
37135,ORANGE,NC,5,644
37137,PAMLICO,NC,1,75
37139,PASQUOTANK,NC,3,169
37141,PENDER,NC,1,13
37147,PITT,NC,11,1407
37151,RANDOLPH,NC,4,246
37153,RICHMOND,NC,3,147
37155,ROBESON,NC,3,117
37157,ROCKINGHAM,NC,4,236
37159,ROWAN,NC,8,818
37161,RANDOLPH,NC,1,265
37161,RUTHERFORD,NC,5,265
37163,PERSON,NC,1,688
37163,SAMPSON,NC,5,688
37165,SCOTLAND,NC,3,275
37167,STANLY,NC,2,244
37169,STOKES,NC,2,198
37171,SURRY,NC,2,96
37173,SWAIN,NC,2,89
37175,TRANSYLVANIA,NC,4,138
37179,UNION,NC,4,627
37181,VANCE,NC,2,418
37183,WAKE,NC,52,15883
37185,WARREN,NC,1,19
37189,WATAUGA,NC,2,137
37191,WAYNE,NC,8,1064
37193,WILKES,NC,2,202
37195,WILSON,NC,5,1003
37197,YADKIN,NC,1,40
37199,YANCEY,NC,3,61
38003,BARNES,ND,1,40
38015,BURLEIGH,ND,9,1650
38017,CASS,ND,5,1367
38019,CAVALIER,ND,1,43
38035,GRAND FORKS,ND,3,232
38037,GRANT,ND,1,23
38053,MCKENZIE,ND,1,55
38059,MORTON,ND,1,59
38069,PIERCE,ND,1,39
38071,RAMSEY,ND,1,124
38077,RICHLAND,ND,1,95
38079,ROLETTE,ND,1,38
38085,SIOUX,ND,2,247
38089,STARK,ND,6,1024
38093,STUTSMAN,ND,4,274
38101,WARD,ND,3,657
38105,WILLIAMS,ND,1,162
39001,ADAMS,OH,1,113
39003,ALLEN,OH,8,1651
39005,ASHLAND,OH,5,210
39007,ASHTABULA,OH,22,1197
39011,AUGLAIZE,OH,1,139
39013,BELMONT,OH,7,620
39015,BROWN,OH,2,134
39017,BUTLER,OH,19,3750
39019,CARROLL,OH,1,50
39021,CHAMPAIGN,OH,2,100
39023,CLARK,OH,8,1213
39025,CLERMONT,OH,12,2226
39027,CLINTON,OH,1,113
39029,COLUMBIANA,OH,4,580
39031,COSHOCTON,OH,13,481
39031,HOLMES,OH,1,481
39033,CRAWFORD,OH,3,137
39035,CUYAHOGA,OH,104,28690
39037,DARKE,OH,2,234
39039,DEFIANCE,OH,1,79
39041,DELAWARE,OH,13,2096
39041,FRANKLIN,OH,1,2096
39043,ERIE,OH,3,687
39045,FAIRFIELD,OH,6,729
39047,FAYETTE,OH,1,95
39049,FRANKLIN,OH,77,16621
39051,FULTON,OH,3,247
39053,GALLIA,OH,1,129
39055,GEAUGA,OH,48,4605
39055,WAYNE,OH,1,4605
39057,GREENE,OH,10,876
39059,GUERNSEY,OH,3,188
39061,HAMILTON,OH,94,22744
39063,HANCOCK,OH,1,36
39065,HARDIN,OH,9,216
39069,HENRY,OH,3,239
39071,HIGHLAND,OH,2,174
39073,HOCKING,OH,2,107
39075,COSHOCTON,OH,1,2997
39075,HOLMES,OH,96,2997
39075,WAYNE,OH,1,2997
39077,HURON,OH,7,1241
39079,JACKSON,OH,2,202
39081,JEFFERSON,OH,2,433
39083,KNOX,OH,3,46
39085,LAKE,OH,12,2690
39087,LAWRENCE,OH,2,180
39089,LICKING,OH,9,1414
39091,LOGAN,OH,1,242
39093,LORAIN,OH,17,3039
39095,LUCAS,OH,28,8724
39097,MADISON,OH,3,375
39099,MAHONING,OH,13,2640
39101,MARION,OH,1,105
39103,MEDINA,OH,8,688
39105,MEIGS,OH,1,53
39107,MERCER,OH,1,128
39109,MIAMI,OH,9,1023
39111,MONROE,OH,1,25
39113,MONTGOMERY,OH,34,8016
39117,MORROW,OH,1,117
39119,MUSKINGUM,OH,6,442
39123,OTTAWA,OH,4,178
39125,PAULDING,OH,1,73
39127,PERRY,OH,1,80
39129,PICKAWAY,OH,2,247
39131,PIKE,OH,2,116
39133,PORTAGE,OH,4,515
39137,PUTNAM,OH,3,716
39139,RICHLAND,OH,7,1514
39141,ROSS,OH,3,461
39143,SANDUSKY,OH,6,1005
39145,SCIOTO,OH,2,249
39147,SENECA,OH,1,478
39149,SHELBY,OH,2,235
39151,STARK,OH,29,3632
39153,SUMMIT,OH,42,9098
39155,ASHTABULA,OH,1,2047
39155,TRUMBULL,OH,22,2047
39157,COSHOCTON,OH,1,815
39157,HOLMES,OH,1,815
39157,TUSCARAWAS,OH,17,815
39159,UNION,OH,1,173
39161,VAN WERT,OH,1,85
39163,VINTON,OH,1,25
39165,MONTGOMERY,OH,1,3669
39165,WARREN,OH,15,3669
39167,WASHINGTON,OH,4,300
39169,WAYNE,OH,69,2745
39171,WILLIAMS,OH,2,169
39173,WOOD,OH,6,671
39175,WYANDOT,OH,2,291
40001,ADAIR,OK,1,56
40013,BRYAN,OK,1,151
40017,CANADIAN,OK,4,764
40019,CARTER,OK,2,117
40021,CHEROKEE,OK,1,48
40023,CHOCTAW,OK,1,13
40027,CLEVELAND,OK,10,942
40031,COMANCHE,OK,3,253
40035,CRAIG,OK,1,37
40037,CREEK,OK,2,129
40041,DELAWARE,OK,1,47
40047,GARFIELD,OK,4,337
40051,GRADY,OK,1,13
40065,JACKSON,OK,1,112
40071,KAY,OK,2,253
40073,KINGFISHER,OK,2,103
40083,LOGAN,OK,1,123
40097,MAYES,OK,1,69
40101,MUSKOGEE,OK,3,172
40109,OKLAHOMA,OK,32,7362
40111,OKMULGEE,OK,1,61
40113,OSAGE,OK,1,4
40119,PAYNE,OK,2,153
40121,PITTSBURG,OK,2,222
40125,POTTAWATOMIE,OK,2,208
40131,ROGERS,OK,3,151
40143,TULSA,OK,37,9871
40145,WAGONER,OK,1,9
40147,WASHINGTON,OK,3,417
40153,WOODWARD,OK,1,48
41001,BAKER,OR,1,86
41003,BENTON,OR,7,999
41005,CLACKAMAS,OR,26,3668
41005,WASHINGTON,OR,1,3668
41009,COLUMBIA,OR,3,106
41011,COOS,OR,5,165
41013,CROOK,OR,1,30
41015,CURRY,OR,1,48
41017,DESCHUTES,OR,21,1517
41019,DOUGLAS,OR,7,416
41027,HOOD RIVER,OR,3,230
41029,JACKSON,OR,9,1614
41033,JOSEPHINE,OR,6,426
41035,KLAMATH,OR,3,223
41037,LAKE,OR,1,43
41039,LANE,OR,27,2106
41039,LINN,OR,1,2106
41041,LINCOLN,OR,2,143
41043,LINN,OR,5,597
41045,MALHEUR,OR,2,136
41047,MARION,OR,20,2695
41051,CLACKAMAS,OR,1,10085
41051,CLARK,WA,1,10085
41051,MULTNOMAH,OR,66,10085
41051,WASHINGTON,OR,1,10085
41053,POLK,OR,4,309
41057,TILLAMOOK,OR,3,137
41059,UMATILLA,OR,4,180
41061,UNION,OR,4,280
41063,WALLOWA,OR,1,11
41065,WASCO,OR,2,63
41067,WASHINGTON,OR,49,8585
41071,YAMHILL,OR,8,806
42001,ADAMS,PA,9,1430
42003,ALLEGHENY,PA,119,17144
42005,ARMSTRONG,PA,7,322
42007,BEAVER,PA,9,827
42009,BEDFORD,PA,11,303
42011,BERKS,PA,45,4354
42013,BERKS,PA,1,1479
42013,BLAIR,PA,18,1479
42015,BRADFORD,PA,5,187
42017,BUCKS,PA,87,9237
42019,BUTLER,PA,21,2316
42021,CAMBRIA,PA,12,1728
42025,CARBON,PA,4,259
42027,CENTRE,PA,30,1341
42029,CHESTER,PA,99,10171
42029,MONTGOMERY,PA,1,10171
42031,CLARION,PA,12,310
42033,ARMSTRONG,PA,1,522
42033,CLEARFIELD,PA,10,522
42035,CLINTON,PA,20,900
42037,COLUMBIA,PA,6,487
42039,CRAWFORD,PA,36,1212
42039,TRUMBULL,OH,1,1212
42039,WARREN,PA,1,1212
42041,CUMBERLAND,PA,38,3170
42043,DAUPHIN,PA,42,5001
42043,VENANGO,PA,1,5001
42045,CHESTER,PA,1,11438
42045,DELAWARE,PA,73,11438
42047,ELK,PA,5,654
42049,ERIE,PA,22,3991
42051,FAYETTE,PA,9,741
42051,WESTMORELAND,PA,1,741
42053,FOREST,PA,2,141
42055,FRANKLIN,PA,33,2639
42057,FULTON,PA,2,45
42059,GREENE,PA,2,85
42061,HUNTINGDON,PA,6,570
42061,MIFFLIN,PA,1,570
42063,ARMSTRONG,PA,2,1033
42063,INDIANA,PA,36,1033
42065,CLEARFIELD,PA,1,378
42065,JEFFERSON,PA,15,378
42067,JUNIATA,PA,16,614
42069,LACKAWANNA,PA,23,2903
42071,DAUPHIN,PA,1,10952
42071,LANCASTER,PA,203,10952
42071,YORK,PA,1,10952
42073,LAWRENCE,PA,10,363
42073,MERCER,PA,1,363
42075,LEBANON,PA,13,1172
42077,BERKS,PA,1,4337
42077,LEHIGH,PA,36,4337
42077,NORTHAMPTON,PA,1,4337
42079,LUZERNE,PA,26,2898
42081,LYCOMING,PA,14,511
42083,MCKEAN,PA,5,257
42085,MERCER,PA,27,1049
42087,MIFFLIN,PA,31,1168
42089,MONROE,PA,10,883
42091,DELAWARE,PA,1,21253
42091,MONTGOMERY,PA,134,21253
42093,MONTOUR,PA,4,164
42095,NORTHAMPTON,PA,17,3294
42097,NORTHUMBERLAND,PA,8,357
42099,PERRY,PA,16,478
42101,MONTGOMERY,PA,1,28375
42101,PHILADELPHIA,PA,127,28375
42103,PIKE,PA,1,29
42105,POTTER,PA,4,140
42107,SCHUYLKILL,PA,10,1017
42109,SNYDER,PA,19,660
42111,GARRETT,MD,1,716
42111,SOMERSET,PA,21,716
42115,SUSQUEHANNA,PA,1,101
42117,TIOGA,PA,5,260
42119,UNION,PA,10,381
42121,VENANGO,PA,8,386
42123,WARREN,PA,11,381
42125,WASHINGTON,PA,13,787
42129,WESTMORELAND,PA,23,1788
42131,WYOMING,PA,2,67
42133,YORK,PA,33,1917
44001,BRISTOL,RI,7,754
44003,KENT,RI,12,1453
44005,NEWPORT,RI,6,848
44007,PROVIDENCE,RI,51,9040
44009,WASHINGTON,RI,8,621
45001,ABBEVILLE,SC,3,206
45003,AIKEN,SC,12,939
45007,ANDERSON,SC,8,754
45009,BAMBERG,SC,1,187
45011,BARNWELL,SC,4,232
45013,BEAUFORT,SC,11,2211
45015,BERKELEY,SC,8,1436
45015,DORCHESTER,SC,1,1436
45017,CALHOUN,SC,2,305
45019,CHARLESTON,SC,37,5706
45023,CHESTER,SC,1,46
45025,CHESTERFIELD,SC,6,307
45027,CLARENDON,SC,2,1151
45029,COLLETON,SC,3,433
45031,DARLINGTON,SC,6,488
45033,DILLON,SC,1,321
45035,DORCHESTER,SC,5,1193
45037,EDGEFIELD,SC,1,149
45039,FAIRFIELD,SC,1,165
45041,FLORENCE,SC,10,1711
45043,GEORGETOWN,SC,4,51
45045,GREENVILLE,SC,41,5996
45047,GREENWOOD,SC,3,660
45049,HAMPTON,SC,1,161
45051,HORRY,SC,11,1186
45053,JASPER,SC,3,686
45055,KERSHAW,SC,5,358
45059,LAURENS,SC,1,44
45061,LEE,SC,1,283
45063,LEXINGTON,SC,10,1308
45063,SALUDA,SC,1,1308
45067,MARION,SC,2,380
45069,MARLBORO,SC,3,257
45071,NEWBERRY,SC,1,146
45073,OCONEE,SC,7,401
45075,ORANGEBURG,SC,5,98
45077,PICKENS,SC,4,247
45079,FAIRFIELD,SC,1,4017
45079,RICHLAND,SC,27,4017
45081,SALUDA,SC,1,174
45083,SPARTANBURG,SC,11,1164
45085,SUMTER,SC,9,1472
45087,UNION,SC,1,92
45089,WILLIAMSBURG,SC,4,471
45091,YORK,SC,10,1187
46005,BEADLE,SD,1,87
46011,BROOKINGS,SD,1,29
46013,BROWN,SD,9,1126
46015,BRULE,SD,1,167
46019,LAWRENCE,SD,1,103
46027,CLAY,SD,1,97
46029,CODINGTON,SD,4,465
46035,DAVISON,SD,2,273
46041,DEWEY,SD,1,93
46047,FALL RIVER,SD,1,8
46051,GRANT,SD,1,86
46057,HAMLIN,SD,1,6
46059,HAND,SD,1,82
46065,HUGHES,SD,1,186
46067,HUTCHINSON,SD,1,90
46077,KINGSBURY,SD,1,22
46079,LAKE,SD,2,48
46081,LAWRENCE,SD,1,42
46083,LINCOLN,SD,2,1097
46099,LINCOLN,SD,1,1909
46099,MINNEHAHA,SD,13,1909
46103,PENNINGTON,SD,11,1338
46113,OGLALA LAKOTA,SD,3,761
46121,TODD,SD,2,51
46135,YANKTON,SD,3,407
47001,ANDERSON,TN,4,249
47003,BEDFORD,TN,2,452
47005,BENTON,TN,1,46
47007,BLEDSOE,TN,1,10
47009,BLOUNT,TN,7,878
47011,BRADLEY,TN,6,382
47013,CAMPBELL,TN,1,34
47019,CARTER,TN,1,7
47021,CHEATHAM,TN,2,250
47023,CHESTER,TN,1,20
47025,CLAIBORNE,TN,4,383
47029,COCKE,TN,1,1
47031,COFFEE,TN,1,65
47033,CROCKETT,TN,1,42
47035,CUMBERLAND,TN,3,117
47037,DAVIDSON,TN,50,14024
47037,WILLIAMSON,TN,1,14024
47037,WILSON,TN,1,14024
47039,DECATUR,TN,1,22
47041,DEKALB,TN,1,9
47043,DICKSON,TN,3,129
47045,DYER,TN,3,114
47047,FAYETTE,TN,3,849
47049,FENTRESS,TN,1,63
47051,FRANKLIN,TN,3,399
47055,GILES,TN,1,9
47059,GREENE,TN,5,280
47061,GRUNDY,TN,2,175
47063,HAMBLEN,TN,5,394
47065,HAMILTON,TN,35,10121
47071,HARDIN,TN,2,129
47077,HENDERSON,TN,2,14
47079,HENRY,TN,1,5
47081,HICKMAN,TN,1,62
47081,PUTNAM,TN,1,62
47085,HUMPHREYS,TN,2,175
47089,JEFFERSON,TN,1,30
47091,JOHNSON,TN,1,65
47093,KNOX,TN,38,6705
47099,LAWRENCE,TN,9,284
47101,LEWIS,TN,3,77
47103,LINCOLN,TN,1,280
47105,LOUDON,TN,2,96
47107,MCMINN,TN,1,108
47109,MCNAIRY,TN,2,103
47111,MACON,TN,1,89
47113,MADISON,TN,10,2682
47115,MARION,TN,1,23
47119,MAURY,TN,6,1549
47123,MONROE,TN,2,216
47125,MONTGOMERY,TN,8,603
47129,MORGAN,TN,2,19
47133,OVERTON,TN,1,31
47135,PERRY,TN,2,26
47139,POLK,TN,1,10
47141,PUTNAM,TN,4,268
47143,RHEA,TN,1,119
47145,ROANE,TN,5,590
47147,ROBERTSON,TN,3,447
47149,RUTHERFORD,TN,14,2194
47151,SCOTT,TN,1,20
47153,SEQUATCHIE,TN,1,20
47155,SEVIER,TN,5,654
47157,SHELBY,TN,65,13689
47163,SULLIVAN,TN,8,722
47165,SUMNER,TN,9,1180
47167,TIPTON,TN,1,179
47177,WARREN,TN,5,297
47179,WASHINGTON,TN,3,111
47181,WAYNE,TN,1,12
47183,WEAKLEY,TN,2,92
47185,WHITE,TN,2,62
47187,DAVIDSON,TN,1,2814
47187,WILLIAMSON,TN,12,2814
47189,WILSON,TN,6,1032
48001,ANDERSON,TX,1,117
48005,ANGELINA,TX,3,184
48013,ATASCOSA,TX,1,56
48015,AUSTIN,TX,2,191
48019,BANDERA,TX,1,56
48021,BASTROP,TX,1,90
48025,BEE,TX,2,127
48027,BELL,TX,10,973
48029,BEXAR,TX,71,14724
48031,BLANCO,TX,1,13
48037,BOWIE,TX,3,126
48039,BRAZORIA,TX,13,1384
48041,BRAZOS,TX,9,1590
48043,BREWSTER,TX,1,26
48049,BROWN,TX,1,53
48051,BURLESON,TX,1,104
48053,BURNET,TX,4,297
48055,CALDWELL,TX,2,84
48061,CAMERON,TX,15,2375
48073,CHEROKEE,TX,2,37
48085,COLLIN,TX,46,6293
48085,DALLAS,TX,1,6293
48085,DENTON,TX,1,6293
48089,COLORADO,TX,2,227
48091,COMAL,TX,9,1455
48097,COOKE,TX,1,131
48113,COLLIN,TX,1,29411
48113,DALLAS,TX,141,29411
48117,DEAF SMITH,TX,2,107
48121,DENTON,TX,29,6595
48123,DEWITT,TX,1,69
48133,EASTLAND,TX,1,3
48135,ECTOR,TX,7,704
48139,ELLIS,TX,4,553
48141,EL PASO,TX,37,5074
48143,ERATH,TX,1,21
48147,FANNIN,TX,1,43
48149,FAYETTE,TX,2,228
48157,FORT BEND,TX,33,4792
48157,HARRIS,TX,2,4792
48163,FRIO,TX,1,30
48165,GAINES,TX,2,534
48167,GALVESTON,TX,20,2083
48171,GILLESPIE,TX,4,476
48177,GONZALES,TX,1,21
48179,GRAY,TX,1,48
48181,GRAYSON,TX,4,595
48183,GREGG,TX,8,818
48187,GUADALUPE,TX,3,296
48199,HARDIN,TX,1,8
48201,DALLAS,TX,1,43002
48201,FORT BEND,TX,1,43002
48201,HARRIS,TX,233,43002
48201,MONTGOMERY,TX,2,43002
48201,WEBB,TX,1,43002
48203,HARRISON,TX,3,262
48205,HARTLEY,TX,3,206
48209,HAYS,TX,9,1087
48213,HENDERSON,TX,2,133
48215,HIDALGO,TX,22,2415
48219,HOCKLEY,TX,1,15
48221,HOOD,TX,1,44
48225,HOUSTON,TX,1,47
48227,HOWARD,TX,1,28
48231,HUNT,TX,1,210
48239,JACKSON,TX,1,27
48241,JASPER,TX,1,32
48243,JEFF DAVIS,TX,1,50
48245,JEFFERSON,TX,7,2034
48249,JIM WELLS,TX,3,277
48251,JOHNSON,TX,9,721
48257,KAUFMAN,TX,2,95
48259,KENDALL,TX,3,857
48265,KERR,TX,3,270
48273,KLEBERG,TX,3,197
48277,LAMAR,TX,2,110
48285,LAVACA,TX,3,578
48287,LEE,TX,2,229
48291,LIBERTY,TX,2,89
48299,LLANO,TX,1,63
48303,LUBBOCK,TX,11,2182
48309,MCLENNAN,TX,10,1647
48315,MARION,TX,2,51
48321,MATAGORDA,TX,1,30
48323,MAVERICK,TX,2,226
48325,MEDINA,TX,1,76
48329,MIDLAND,TX,8,2417
48331,MILAM,TX,2,115
48339,MONTGOMERY,TX,21,4124
48347,NACOGDOCHES,TX,4,309
48349,NAVARRO,TX,2,202
48355,NUECES,TX,18,2204
48361,ORANGE,TX,2,279
48363,PALO PINTO,TX,1,105
48367,PARKER,TX,7,1069
48373,POLK,TX,2,95
48375,POTTER,TX,4,798
48381,RANDALL,TX,4,396
48397,ROCKWALL,TX,4,405
48401,RUSK,TX,1,124
48415,SCURRY,TX,1,27
48423,SMITH,TX,9,2555
48425,SOMERVELL,TX,1,187
48427,STARR,TX,1,17
48439,TARRANT,TX,86,16506
48441,TAYLOR,TX,4,221
48449,TITUS,TX,1,17
48451,TOM GREEN,TX,6,520
48453,TRAVIS,TX,60,10679
48457,TYLER,TX,1,20
48463,UVALDE,TX,2,102
48465,VAL VERDE,TX,3,353
48467,VAN ZANDT,TX,2,64
48469,VICTORIA,TX,8,1596
48471,WALKER,TX,4,554
48473,WALLER,TX,1,21
48477,WASHINGTON,TX,3,313
48479,WEBB,TX,6,1149
48481,WHARTON,TX,2,285
48485,WICHITA,TX,3,659
48487,WILBARGER,TX,1,4
48491,WILLIAMSON,TX,23,3238
48493,WILSON,TX,1,42
48497,WISE,TX,1,7
48503,YOUNG,TX,1,45
48507,ZAVALA,TX,1,43
49003,BOX ELDER,UT,1,50
49005,CACHE,UT,2,96
49011,DAVIS,UT,9,874
49013,DUCHESNE,UT,1,33
49017,GARFIELD,UT,1,27
49019,GRAND,UT,1,8
49021,IRON,UT,2,57
49027,MILLARD,UT,1,27
49035,SALT LAKE,UT,54,9296
49037,SAN JUAN,UT,2,38
49039,SANPETE,UT,1,343
49039,SEVIER,UT,1,343
49041,SEVIER,UT,1,11
49043,SUMMIT,UT,3,130
49045,TOOELE,UT,2,190
49047,UINTAH,UT,1,86
49049,UTAH,UT,16,1887
49051,WASATCH,UT,1,33
49053,BOX ELDER,UT,1,924
49053,WASHINGTON,UT,8,924
49057,WEBER,UT,12,850
50001,ADDISON,VT,3,115
50003,BENNINGTON,VT,10,1439
50005,CALEDONIA,VT,10,923
50007,CHITTENDEN,VT,17,1602
50011,FRANKLIN,VT,1,69
50015,LAMOILLE,VT,2,137
50017,ORANGE,VT,3,70
50019,ORLEANS,VT,3,170
50021,RUTLAND,VT,8,429
50023,WASHINGTON,VT,9,397
50025,WINDHAM,VT,13,1415
50027,WINDSOR,VT,4,375
51003,ALBEMARLE,VA,11,1286
51003,FLUVANNA,VA,1,1286
51005,ALLEGHANY,VA,1,54
51007,AMELIA,VA,2,137
51009,AMHERST,VA,2,286
51011,APPOMATTOX,VA,2,199
51013,ALEXANDRIA,VA,1,1033
51013,ARLINGTON,VA,12,1033
51015,AUGUSTA,VA,2,174
51019,BEDFORD,VA,2,82
51025,BRUNSWICK,VA,1,338
51027,BUCHANAN,VA,1,223
51029,BUCKINGHAM,VA,3,76
51031,CAMPBELL,VA,3,131
51033,CAROLINE,VA,1,145
51035,CARROLL,VA,1,3
51041,CHESTERFIELD,VA,15,1559
51043,CLARKE,VA,3,392
51045,CRAIG,VA,1,8
51047,CULPEPER,VA,3,343
51049,CUMBERLAND,VA,1,21
51053,DINWIDDIE,VA,1,37
51057,ESSEX,VA,3,250
51059,FAIRFAX,VA,107,15611
51061,FAUQUIER,VA,7,1264
51063,FLOYD,VA,2,50
51065,FLUVANNA,VA,4,474
51067,FRANKLIN,VA,3,324
51069,FREDERICK,VA,7,534
51071,GILES,VA,1,85
51073,GLOUCESTER,VA,2,109
51075,GOOCHLAND,VA,5,212
51077,GRAYSON,VA,1,142
51079,GREENE,VA,1,180
51081,GREENSVILLE,VA,1,33
51083,HALIFAX,VA,2,59
51085,HANOVER,VA,5,227
51087,HENRICO,VA,23,4157
51089,HENRY,VA,1,331
51093,ISLE OF WIGHT,VA,1,653
51095,JAMES CITY,VA,2,233
51103,LANCASTER,VA,1,109
51105,LEE,VA,1,10
51107,LOUDOUN,VA,36,2572
51109,LOUISA,VA,1,49
51113,MADISON,VA,2,421
51117,MECKLENBURG,VA,1,81
51119,MIDDLESEX,VA,1,211
51121,MONTGOMERY,VA,6,495
51125,NELSON,VA,1,112
51127,NEW KENT,VA,1,147
51131,NORTHAMPTON,VA,4,382
51135,NOTTOWAY,VA,1,286
51137,ORANGE,VA,1,133
51139,PAGE,VA,2,136
51141,PATRICK,VA,1,41
51143,PITTSYLVANIA,VA,5,513
51145,POWHATAN,VA,1,219
51147,PRINCE EDWARD,VA,3,309
51153,PRINCE WILLIAM,VA,25,2531
51157,RAPPAHANNOCK,VA,3,186
51161,ROANOKE,VA,5,1287
51163,ROCKBRIDGE,VA,1,38
51165,ROCKINGHAM,VA,8,472
51167,RUSSELL,VA,1,48
51171,SHENANDOAH,VA,5,625
51175,SOUTHAMPTON,VA,1,413
51177,SPOTSYLVANIA,VA,6,1384
51179,FREDERICKSBURG,VA,1,819
51179,STAFFORD,VA,6,819
51183,SUSSEX,VA,1,155
51185,TAZEWELL,VA,3,105
51187,WARREN,VA,4,174
51191,WASHINGTON,VA,3,325
51193,WESTMORELAND,VA,1,12
51195,WISE,VA,3,111
51197,HALIFAX,VA,1,29
51197,WYTHE,VA,1,29
51199,JAMES CITY,VA,1,450
51199,YORK,VA,3,450
51510,ALEXANDRIA,VA,14,3184
51520,BRISTOL,VA,2,179
51540,ALBEMARLE,VA,1,1245
51540,CHARLOTTESVILLE,VA,7,1245
51550,CHESAPEAKE,VA,25,2254
51590,DANVILLE,VA,4,542
51600,FAIRFAX,VA,6,1445
51610,FALLS CHURCH,VA,2,460
51630,FREDERICKSBURG,VA,1,54
51630,STAFFORD,VA,1,54
51650,HAMPTON,VA,8,681
51660,HARRISONBURG,VA,4,579
51660,ROCKINGHAM,PA,1,579
51670,HOPEWELL,VA,3,148
51678,LEXINGTON,VA,1,28
51680,LYNCHBURG,VA,8,5939
51683,MANASSAS,VA,5,894
51685,MANASSAS PARK,VA,1,118
51700,NEWPORT NEWS,VA,14,1788
51710,NORFOLK,VA,25,3994
51730,PETERSBURG,VA,3,155
51740,CHESAPEAKE,VA,1,1400
51740,PORTSMOUTH,VA,7,1400
51760,GOOCHLAND,VA,2,5676
51760,HENRICO,VA,1,5676
51760,RICHMOND,VA,23,5676
51770,ROANOKE,VA,6,566
51775,SALEM,VA,1,47
51790,AUGUSTA,VA,1,663
51790,STAUNTON,VA,4,663
51800,SUFFOLK,VA,3,1007
51810,VIRGINIA BEACH,VA,43,4157
51820,WAYNESBORO,VA,2,138
51830,WILLIAMSBURG,VA,1,409
51840,WINCHESTER,VA,2,273
53001,ADAMS,WA,1,1
53003,ASOTIN,WA,2,113
53005,BENTON,WA,9,1383
53007,CHELAN,WA,6,518
53009,CLALLAM,WA,4,230
53011,CLARK,WA,20,2785
53015,COWLITZ,WA,5,443
53019,FERRY,WA,1,35
53021,FRANKLIN,WA,4,493
53025,GRANT,WA,5,376
53027,GRAYS HARBOR,WA,3,164
53029,ISLAND,WA,5,282
53031,JEFFERSON,WA,4,159
53033,KING,WA,194,32261
53033,PIERCE,WA,1,32261
53033,SNOHOMISH,WA,1,32261
53035,KITSAP,WA,20,1461
53037,KITTITAS,WA,2,88
53039,KLICKITAT,WA,3,90
53041,LEWIS,WA,2,248
53043,LINCOLN,WA,1,63
53045,MASON,WA,2,98
53047,OKANOGAN,WA,5,128
53049,PACIFIC,WA,1,8
53051,PEND OREILLE,WA,1,20
53053,PIERCE,WA,35,6146
53055,SAN JUAN,WA,5,245
53057,SKAGIT,WA,7,753
53061,KING,WA,3,4238
53061,SNOHOMISH,WA,36,4238
53063,SPOKANE,WA,39,7066
53065,STEVENS,WA,4,139
53067,THURSTON,WA,17,1497
53071,WALLA WALLA,WA,8,947
53073,WHATCOM,WA,20,3396
53075,WHITMAN,WA,3,118
53077,YAKIMA,WA,16,1625
54001,BARBOUR,WV,1,37
54003,BERKELEY,WV,4,645
54005,BOONE,WV,2,69
54007,BRAXTON,WV,2,37
54011,CABELL,WV,5,927
54015,CLAY,WV,1,21
54019,FAYETTE,WV,5,179
54021,GILMER,WV,1,11
54023,GRANT,WV,2,11
54025,GREENBRIER,WV,3,297
54027,HAMPSHIRE,WV,1,19
54029,HANCOCK,WV,3,453
54033,HARRISON,WV,7,569
54037,JEFFERSON,WV,3,100
54039,KANAWHA,NV,1,1634
54039,KANAWHA,WV,9,1634
54041,LEWIS,WV,1,110
54043,NICHOLAS,WV,1,15
54045,LOGAN,WV,1,79
54049,MARION,WV,2,147
54051,MARSHALL,WV,1,154
54053,MASON,WV,2,24
54055,MERCER,WV,1,188
54059,MINGO,WV,2,177
54061,MONONGALIA,WV,8,1002
54063,MONROE,WV,1,13
54067,NICHOLAS,WV,2,179
54069,OHIO,WV,8,1374
54071,GRANT,WV,1,11
54075,POCAHONTAS,WV,1,5
54079,PUTNAM,WV,2,490
54081,RALEIGH,WV,6,462
54083,RANDOLPH,WV,5,262
54085,RITCHIE,WV,1,7
54089,SUMMERS,WV,1,42
54107,WOOD,WV,5,480
55001,ADAMS,WI,1,6
55003,ASHLAND,WI,1,89
55005,BARRON,WI,8,289
55009,BROWN,WI,23,4810
55011,BUFFALO,WI,1,14
55015,CALUMET,WI,6,387
55017,CHIPPEWA,WI,13,776
55019,CLARK,WI,19,564
55021,COLUMBIA,WI,11,701
55021,MARQUETTE,WI,1,701
55023,CRAWFORD,WI,3,134
55025,DANE,WI,38,5984
55025,KENOSHA,WI,1,5984
55027,DODGE,WI,17,1378
55029,DOOR,WI,3,199
55031,DOUGLAS,WI,3,202
55033,DUNN,WI,4,174
55035,EAU CLAIRE,WI,13,2108
55039,FOND DU LAC,WI,14,1959
55043,GRANT,WI,9,511
55045,GREEN,WI,3,119
55047,GREEN LAKE,WI,6,275
55049,IOWA,WI,1,133
55053,JACKSON,WI,1,14
55055,JEFFERSON,WI,22,2560
55057,JUNEAU,WI,3,205
55059,KENOSHA,WI,8,1990
55061,KEWAUNEE,WI,7,275
55063,LA CROSSE,WI,19,2780
55065,LAFAYETTE,WI,1,30
55067,LANGLADE,WI,1,123
55069,LINCOLN,WI,5,356
55071,MANITOWOC,WI,16,1610
55073,MARATHON,WI,17,1105
55075,MARINETTE,WI,6,332
55077,MARQUETTE,WI,1,44
55079,MILWAUKEE,WI,128,32494
55079,WAUKESHA,WI,1,32494
55081,MONROE,WI,9,542
55083,OCONTO,WI,3,89
55085,ONEIDA,WI,2,197
55087,OUTAGAMIE,WI,18,4437
55089,OZAUKEE,WI,11,1510
55091,PEPIN,WI,3,172
55093,PIERCE,WI,4,183
55095,POLK,WI,1,33
55097,PORTAGE,WI,8,786
55101,KENOSHA,WI,1,3593
55101,RACINE,WI,21,3593
55103,RICHLAND,WI,3,98
55105,ROCK,WI,11,1107
55107,RUSK,WI,2,84
55109,ST. CROIX,WI,5,697
55111,SAUK,WI,9,654
55113,SAWYER,WI,2,43
55115,SHAWANO,WI,7,566
55117,SHEBOYGAN,WI,14,1792
55119,TAYLOR,WI,4,148
55121,TREMPEALEAU,WI,8,320
55123,VERNON,WI,7,226
55125,VILAS,WI,2,80
55127,WALWORTH,WI,13,953
55127,WAUKESHA,WI,1,953
55129,WASHBURN,WI,1,95
55131,WASHINGTON,WI,19,2760
55133,WALWORTH,WI,1,7858
55133,WAUKESHA,WI,48,7858
55135,WAUPACA,WI,9,587
55137,WAUSHARA,WI,2,47
55139,WAUSHARA,WI,1,2949
55139,WINNEBAGO,WI,16,2949
55141,WOOD,WI,13,1240
56005,CAMPBELL,WY,3,221
56013,FREMONT,WY,3,98
56015,GOSHEN,WY,2,87
56017,HOT SPRINGS,WY,1,10
56019,JOHNSON,WY,1,12
56021,LARAMIE,WY,5,332
56025,NATRONA,WY,5,135
56029,PARK,WY,1,16
56033,SHERIDAN,WY,3,174
56037,SWEETWATER,WY,2,74
56039,TETON,WY,4,235
